Air Temperature,Geo Potential Height,SpecificHumidity,u-wind,v-wind,RainfallPrecipitated
283.5,3152,0.00335,-10.1,-2,26.4
282.9,3191,0.00354,-9.7,-2.6,25.7
283,3172,0.00313,-7.9,-0.6,26.8
282.8,3180,0.00224,-5.8,-1.6,25.5
283.4,3166,0.002,-5.1,-3.2,23.5
283.2,3190,0.00164,-3,-2.3,22.8
282.6,3152,0.00158,-0.6,-4.1,
283,3164,0.00141,-0.6,-3.2,25.7
283.6,3153,0.00158,-2.5,-1.8,22.4
284.5,3163,0.00155,-0.6,-1.3,20
284.3,3142,0.00142,0.2,-1.3,20.9
283.2,3167,0.00121,1,-1.3,22.1
283.5,3149,0.00089,2.3,-1.9,20.3
283.7,3179,0.00091,0.1,-3.2,18.5
283.6,3155,0.00113,0.1,-1,21.2
283.5,3172,0.00123,-1.5,1.7,25
284.7,3147,0.00158,1.2,-0.1,25.1
284.7,3167,0.00182,-1.4,-1.1,25.8
283.8,3133,0.00251,-0.8,2.2,29.1
284.9,3157,0.0027,-3.2,2.8,31.7
285.4,3144,0.00241,1.9,3.4,30.7
285.7,3166,0.00259,3.9,2.6,31.8
285.8,3140,0.00196,2.9,1.9,30.1
283.6,3155,0.00495,1.8,3.7,34.1
283.2,3146,0.00492,3.7,2,32.4
283.3,3173,0.00397,3.9,1,32.7
283.6,3156,0.00337,4.1,-2.7,34.3
283.6,3166,0.00225,3.8,-0.6,33.6
282.9,3148,0.00247,3.5,1.3,32.6
282.9,3180,0.0029,0.5,2.1,32.7
282.6,3145,0.0042,5.5,1.6,35.1
283,3161,0.00378,9.4,3.7,34
282.7,3141,0.00339,8.6,2.8,32.1
283.1,3167,0.00326,7,0.7,29.9
282.6,3141,0.00389,4.8,0.9,29.7
282.6,3159,0.00336,5,-0.2,29.1
282.4,3141,0.00249,5.6,1.6,25.3
283.8,3167,0.00228,1.6,0.2,23.3
284.4,3152,0.00297,5.2,1.1,25.6
284.2,3168,0.00293,4.2,4,28.5
283.1,3141,0.00424,5.1,0.5,28.8
283.9,3173,0.00413,1.2,-3.6,27.3
284.2,3158,0.00386,2.9,-1.5,28.1
283,3158,0.00367,0.5,0.9,28.8
282.7,3140,0.00434,3.9,-4.1,28.2
283.6,3158,0.00394,-0.6,-3.9,26.8
284,3146,0.0037,3.5,-4,27.4
283.1,3163,0.00359,4.5,-2.5,28.7
283.6,3142,0.00416,6.1,-2.5,28.5
283.3,3161,0.0043,5.6,-2.4,27.5
283.4,3130,0.00366,5.3,-5,27.7
283.9,3160,0.00218,1.4,-1.8,27.9
284.4,3135,0.00237,6,-3.9,26.6
284.1,3163,0.00221,4.7,-2.9,25.3
284.8,3140,0.00256,2.4,0.3,26.8
283.7,3148,0.00227,3.8,2.2,28.8
283.9,3133,0.00321,3.9,1.7,31.1
283.3,3160,0.00397,6.4,0.3,30.5
283.3,3126,0.00419,5.6,2.1,30.7
283.6,3153,0.00382,3.5,6.7,30.8
282.1,3131,0.00406,7.2,-1,32.3
281.7,3144,0.00287,8.5,-4.6,30.8
281.9,3119,0.00191,4.3,-1.5,28.9
283.2,3147,0.00175,2.4,0.9,29.1
282.2,3125,0.00215,10.2,1.5,29.6
282.2,3144,0.00225,7.3,3.8,28.7
282.1,3112,0.00264,9,3.5,29.8
280.6,3131,0.00367,4.5,4.4,34.5
280.4,3107,0.00443,7.1,3.8,36.4
281,3139,0.00509,5.6,1.9,35.8
280.9,3109,0.00524,6.1,0.6,35.6
279,3132,0.00607,3.7,2.9,39.1
279.7,3115,0.00611,5.6,3.2,38.1
280.8,3146,0.00622,8.3,5.5,36.5
281.5,3127,0.00604,4.2,3.2,37.1
280,3153,0.00659,1.3,-0.5,41
280.7,3140,0.00636,3.7,5.6,42.5
281.4,3161,0.00639,4.1,4.6,41
282,3139,0.00655,2.6,2.1,42.4
281.1,3168,0.00663,2.9,3.9,45.6
281.5,3149,0.00585,3.2,1.6,45.5
281.8,3170,0.00597,2.6,1.2,44.8
281.6,3141,0.00716,0.6,5.6,46.9
283,3166,0.00647,-0.2,5.4,45.9
282.5,3144,0.0073,-1,4.4,44.2
282.1,3169,0.00832,-0.4,0.8,41.9
282.3,3138,0.00751,-1.2,0,41.3
282.6,3168,0.00693,-3.7,2.4,40.7
282.4,3143,0.00735,1.9,3.7,40.1
283.3,3169,0.0066,-0.5,1.2,36.7
282.7,3143,0.00687,1.1,-0.8,36.8
281.9,3171,0.00651,-2.6,1.1,36.5
281.7,3143,0.00632,0.2,3.4,34.9
282.8,3173,0.00596,-0.1,0.8,35.4
282.7,3152,0.00645,1.4,-1.1,36.7
282.2,3168,0.00552,1.5,-1.1,36
282.4,3143,0.00425,4.3,-0.7,33.1
281.4,3164,0.00387,2.4,-1.7,32.7
282.6,3138,0.00326,4.4,-0.3,31.6
281.3,3157,0.00298,0.9,-1.7,32.9
282.3,3133,0.00237,3.4,-0.6,30.1
283.2,3154,0.00197,4,-1.6,28.4
283.8,3138,0.00183,1.6,-1.5,27.8
284.5,3155,0.00132,0,0.2,28.8
283.4,3137,0.00144,-0.1,0,28.5
286,3163,0.00172,-1.8,-1,26.2
286.4,3141,0.00136,-3,-3.4,25.5
286.3,3160,0.00094,-3,0.3,24.6
285.3,3138,0.00114,-6,-1.9,23.4
285.7,3166,0.00078,-7.5,-1.6,19
285.2,3142,0.00063,-3.5,-6.3,17.7
285.3,3174,0.0005,-6,-7.1,17.1
283.5,3153,0.00112,-10.7,-6.8,21
283.7,3177,0.00136,-10.4,-5.9,20
284.1,3147,0.00151,-12,-4.9,20.9
284,3171,0.00173,-7.8,-0.3,21.2
284.7,3142,0.00158,-13,-0.2,19.1
285.8,3164,0.0013,-14,-1.3,16.2
285.5,3149,0.00128,-13.7,-3.7,19.4
285.2,3156,0.0015,-13.4,0.1,21.5
285.8,3145,0.00222,-14.3,-1.9,21.5
287.2,3169,0.00157,-15.6,-5.1,21.1
285.9,3146,0.00197,-16.3,-5.4,22.9
286.1,3168,0.00226,-12.7,0.8,25.9
285.4,3143,0.00355,-15.2,0.1,28.1
284.9,3166,0.00368,-12.5,-0.6,29.5
282,3141,0.00494,-8.5,2,33
284.1,3171,0.00372,-10.5,0,32.2
283.1,3152,0.00576,-11.4,-1,34
284.8,3168,0.00439,-9.5,-4.3,33.2
284.7,3146,0.00242,-12.8,-6.6,31.5
286,3164,0.00159,-9.2,-2.4,29.9
284.8,3127,0.0022,-9.9,-5.9,28.3
285.3,3153,0.00214,-7.7,-5.9,25.6
284.2,3129,0.00164,-7.7,-7.9,24.8
283.4,3144,0.00122,-11.5,-7.2,25.4
282.7,3125,0.00244,-9,-5.7,22.8
283.5,3149,0.00413,-10.5,-1.3,24.4
282.5,3132,0.00667,-9,-2.3,31.3
282.1,3160,0.0072,-8.2,1.5,36
282.1,3138,0.00912,-7.6,0.9,41.5
283.2,3163,0.00907,-3.3,3.8,45.3
282.5,3129,0.0101,-2,3.3,48.6
283.5,3147,0.00914,-4,4,48.6
283.6,3130,0.00853,-1.1,6.9,48.4
284.2,3153,0.00865,2.8,3.9,47.6
282.9,3127,0.01048,0.3,3.9,49.4
283.9,3162,0.00962,-3.1,3,50.9
282.9,3138,0.01006,-0.2,1.9,50.8
283.1,3173,0.00944,0.3,-0.7,50.5
284.1,3155,0.00986,-0.3,-1.7,50.5
283.1,3177,0.01009,-2.9,-1.2,51.5
282.2,3156,0.0098,-1,2,51.7
282.6,3174,0.00829,-2.4,-0.3,49.8
283.1,3147,0.00901,-0.4,0.9,51.3
282.4,3176,0.00952,-1.9,2.3,52
283.5,3154,0.0087,2.5,-0.9,48.2
283.4,3174,0.0082,0.1,-3.9,46.6
282.6,3149,0.00902,-0.5,-3.3,46.4
282.3,3159,0.00874,-0.7,-4.9,45.6
281.2,3139,0.00925,1.7,-0.9,45.2
282.3,3160,0.00863,-0.2,-4.3,41.9
282.7,3138,0.00782,2.2,-4.6,41
281.7,3157,0.0076,-4,-2.5,41.7
282,3134,0.00484,1,-0.8,36.6
281.8,3158,0.00587,-0.7,-1.4,35
282.3,3141,0.00576,-1,-1.9,33.8
282.3,3158,0.00402,-1.2,-0.6,34.2
281.5,3132,0.00361,0,-0.2,33.8
282,3156,0.00373,-0.1,-3.1,33.8
283,3137,0.00367,1.2,-2.3,33.5
282.8,3153,0.0033,-0.6,-0.9,35.5
282.5,3137,0.00365,1.3,-2.8,36.5
283.3,3160,0.00254,2,-0.7,36.2
283.7,3131,0.00328,-0.6,0,38.6
283,3151,0.00281,-0.5,1.2,40.6
284,3130,0.00254,0.5,-0.8,40.9
284.6,3156,0.00241,-1.5,-0.8,37.9
284.9,3133,0.00246,-3,1.8,36.5
285.2,3159,0.0025,-3.5,3.4,37.2
284.2,3136,0.00293,-2.7,4.9,37.4
284.2,3165,0.00351,-5.1,3.3,35.2
283.5,3143,0.00436,-4.6,4,36
284.1,3163,0.00453,-5.2,4.4,37.6
283.6,3140,0.00495,-3.8,3.8,38
282.6,3161,0.00441,-4.3,2.7,38.2
282.4,3141,0.00529,-7,1.9,40.9
282.1,3159,0.00467,-6.1,4.5,43.1
282.1,3139,0.00498,-5.1,3.1,43.9
283.2,3162,0.0046,-3,2.9,43.8
283.8,3135,0.00547,-6.3,1.1,45.9
283.2,3158,0.00623,-6.8,1.7,48.7
284.3,3137,0.00589,-9.1,2,46.2
284.4,3164,0.00522,-9,0.1,43.9
284.6,3140,0.00505,-5.7,-0.1,42.7
284.3,3168,0.00483,-5.3,0.9,43.7
283.9,3151,0.00562,-5.6,2.2,43.8
284.6,3171,0.00613,-5.1,1.2,42.4
284.1,3162,0.00709,-5.2,2.1,44.6
284.1,3182,0.00651,-2.4,2.1,45.2
284.1,3168,0.00593,-2.7,2.1,42.9
283.7,3189,0.00464,-3.9,-1.4,41.2
282.4,3161,0.00394,-7,-3.4,41.3
282.3,3182,0.0035,-4.5,-4.2,40.9
282.3,3162,0.00371,-4,-1.3,40.2
284.1,3192,0.00349,-5,-2.8,37.2
283.5,3165,0.00346,-6,-2.4,37.9
283.7,3192,0.00408,-6.9,0.7,40.7
284.3,3166,0.00354,-5.7,-0.8,38.5
284.4,3193,0.00368,-4.9,-0.5,36.6
283.7,3164,0.00441,-8.2,-1.5,36.6
284.2,3187,0.0034,-8.5,-0.8,33.9
284.8,3162,0.00244,-6.4,-1.9,29.7
285.2,3183,0.00188,-5.5,0.3,27.1
285.7,3158,0.00168,-7.1,-1.3,28.8
285.5,3172,0.00102,-6.8,1.6,29
286.1,3150,0.00093,-6.7,1.4,28
285.6,3174,0.00142,-4.6,3.8,28.7
284.8,3149,0.00207,-4.4,0.9,29.8
283.4,3169,0.00222,-2.7,-0.9,32.5
283,3155,0.0027,-2.7,-1,33.7
284,3185,0.00277,-4.4,-2.7,34.9
283.7,3160,0.00419,-7.4,-2.9,38.9
283.4,3185,0.00488,-6.5,-2.5,43.1
284,3161,0.00335,-4.3,-0.5,40.7
284.4,3189,0.00214,-3.9,-0.6,36.1
284.8,3160,0.00256,-5.8,-1.7,34.4
283.6,3188,0.00259,-5.7,-1.5,33.5
282.9,3155,0.00268,-9.1,-0.3,31.4
283.8,3186,0.00239,-8.2,0.7,30.1
283,3166,0.00249,-9.4,-2,34.4
282.8,3185,0.00256,-5.8,-0.5,35.1
282.5,3163,0.00292,-10.4,-0.8,34.4
283.3,3202,0.00309,-8.6,0.6,33.9
283,3173,0.00346,-10,-1.8,36.9
282.3,3197,0.00422,-9,-2.4,40.7
283.2,3167,0.00361,-7.3,0.4,38.1
282.9,3200,0.00354,-6.6,-1.6,36.3
282.6,3177,0.00399,-6.1,-2.2,38.7
283,3195,0.00389,-6.2,-3.7,41.5
283.1,3164,0.0037,-7,-1.7,38.3
284.1,3190,0.00326,-2.9,-2.4,35.9
283.5,3167,0.00391,-5,-2.7,38.7
283.8,3176,0.00365,-5.7,-0.3,40.8
283.4,3153,0.00322,-7.2,1.3,40.2
284,3181,0.00254,-4.9,0.7,36.6
283.1,3164,0.00348,-6.5,-4.5,37.6
282.3,3182,0.0034,-6.2,-2.9,37.1
283.7,3168,0.00317,-6.3,-3.8,35.9
284.4,3186,0.00297,-8,-2,33.4
284.5,3164,0.00311,-8.8,-3.6,34.3
284.8,3178,0.00159,-8.2,-3,32.8
284.8,3154,0.00171,-3.8,-3.3,31.4
285.5,3175,0.00141,-4.1,-3.9,29.8
285.3,3149,0.00164,-4.4,-3.1,30.9
285.9,3167,0.00131,-3.2,-0.1,32.3
285.2,3141,0.00175,-2,-4.2,32.5
284.1,3166,0.00198,-3.4,-5.3,30.9
283.9,3141,0.00218,-7,-5.8,30.1
285,3166,0.00247,-2.9,-2.8,32.1
285.2,3141,0.0025,-5.2,-1.8,31.3
285.6,3171,0.00244,-3.8,-1.5,30
284.9,3128,0.00258,-3.4,-1.6,31.1
284.9,3159,0.0027,-4.3,-2.4,32.3
284.8,3136,0.00232,-3.8,-2,29.5
284.3,3168,0.00212,-5.8,-1.1,28.3
283.6,3133,0.00191,-8.3,-3.6,27.9
284.7,3155,0.00182,-7.8,-1.2,26.6
284.2,3131,0.00223,-5.6,0.1,27.3
284,3158,0.00266,-2.4,-0.7,29.1
283.9,3132,0.00264,-5.1,-0.7,29.7
282.5,3148,0.00334,-3.6,-2.2,34.3
284.6,3128,0.00349,-4.9,0.3,33.9
285.7,3171,0.00427,-3.1,0.8,36.4
284.3,3151,0.00565,-4.4,-1.2,41
284.7,3182,0.00532,0.3,4,43.2
283.6,3157,0.00584,-5.4,0.3,44.9
284.6,3182,0.00517,-4.4,-0.4,42.1
284.6,3161,0.00529,-3.4,0.9,43.6
283.4,3178,0.00588,-2.1,0.7,46.1
283.1,3157,0.005,-4.1,-1,46.2
284.1,3193,0.00465,-3.6,-3.1,45.3
284.3,3160,0.00483,-6.6,0.4,45.5
284.1,3181,0.005,-6.4,-1.6,45.5
283.6,3156,0.00517,-5,-0.3,44.8
284.3,3184,0.00483,-4.4,1.9,44.1
284.4,3152,0.00486,-3.7,3.7,42.5
284.4,3182,0.00522,-2,1.2,42.1
285,3156,0.00445,-2.3,2.5,37.4
284.1,3190,0.00442,-2.7,2.2,37.8
285.1,3160,0.00398,0.1,2.8,37.2
284.2,3175,0.00375,1.2,-0.5,38
282.5,3155,0.00438,-2.5,0.7,39.8
283.9,3184,0.00356,-2.9,-0.4,38.2
285.1,3158,0.00361,-2.3,0.1,37.2
284.5,3177,0.0037,-1.3,1.9,37.8
282.3,3155,0.00453,-3.7,0,39.9
282.5,3180,0.00418,-3.6,-0.1,40.1
283,3155,0.00464,-0.9,-1.5,40.8
283.1,3169,0.00457,-0.7,-0.1,40.9
283,3153,0.00378,-1.3,1.8,38.6
282.9,3170,0.00429,-2.2,0.9,39.3
282.9,3152,0.00461,-3.9,1.7,38.7
283.8,3166,0.00422,-5.5,1.6,36.4
282.7,3148,0.00444,-5.3,-0.2,37
284.4,3181,0.00356,-3.8,-2.1,36.2
284.2,3149,0.00363,-4.6,-2.8,38.3
283.6,3172,0.00315,-6.1,-2.8,39.3
283.4,3151,0.00344,-6.3,-4.8,40.2
283.8,3177,0.00319,-9.8,-6.4,38.5
283.6,3142,0.0045,-7,-6.2,40
283.8,3168,0.00422,-6.5,-5.6,40
283.1,3147,0.00424,-8.1,-5.7,40.5
283.5,3181,0.00291,-3.5,-2.9,35.8
283.4,3156,0.00355,-6.6,-4,36.1
283.7,3180,0.00351,-5.3,-6.6,35.8
283.4,3155,0.00521,-7.8,-9.7,37.6
285.2,3178,0.00525,-8.7,-7.5,35.8
284.9,3159,0.0038,-9.5,-5.1,32.9
285.6,3182,0.00411,-11.5,-5.4,33.8
284.6,3154,0.00481,-10.4,-9.2,33.4
284.9,3184,0.00491,-6.5,-3.8,32.7
284.8,3156,0.0056,-5.4,-4.9,34.8
284,3166,0.00669,-6.6,-6.1,37.2
283.6,3144,0.00741,-5.8,-6.7,39.3
283.7,3164,0.00859,-2.9,-0.4,41.1
283.8,3144,0.00865,-3,-0.9,42.5
283.7,3170,0.00848,-4,-2.8,44.3
283,3140,0.00862,-5.4,-4.4,44.8
283,3165,0.00905,-2.8,-1.2,44.2
283,3140,0.00884,-5.4,-2.6,42.3
282.6,3169,0.00818,-4.4,-2.5,42.5
282.4,3147,0.00673,-7.5,-5.8,41.4
283.3,3183,0.00342,-7.5,-3.7,37.3
282.9,3161,0.00461,-7.2,-3.5,40.3
283.4,3187,0.00455,-7.8,-2.1,41.3
282,3156,0.00303,-6.6,-4.8,38.5
282.9,3192,0.00268,-3.7,0.1,35.7
283.9,3164,0.00264,-6.8,-1.6,34.6
284.1,3189,0.00395,-6.2,-0.7,37.8
283.7,3153,0.00374,-7.4,0.2,37.4
283.8,3187,0.0049,-7,0.2,36.6
284.1,3163,0.00465,-8,0,37.2
284.3,3180,0.00401,-8,0.2,38.9
283.3,3151,0.00265,-8.2,1.7,37.8
284.2,3176,0.00351,-7.6,3.3,37.1
283.7,3156,0.00419,-6.8,3.7,38.7
283.2,3172,0.00394,-5,5.2,39.4
283.2,3149,0.00481,-4.2,1.3,41.1
283.8,3177,0.0049,-2.8,-0.8,39.8
284,3149,0.00554,-3,-1.5,40.2
283.6,3180,0.00528,-4.5,-0.1,40
284.3,3160,0.00518,-4.1,-0.3,36.8
284.3,3181,0.00495,-1.9,-0.9,36.6
283.7,3159,0.00441,-5.2,-4.6,36.6
282.6,3180,0.00368,-5.4,-2.1,36.6
283,3156,0.00356,-5,-4.1,34.8
283.3,3186,0.00287,-0.9,-1.5,32
284.1,3165,0.00337,-3.5,-5.7,34.2
282.9,3179,0.00375,-6.5,-4.9,34.5
282.4,3149,0.00342,-6.5,-6.5,31.4
283.2,3178,0.00372,-5.4,-4.7,30.8
283,3146,0.00421,-6,-4.7,32.6
282.3,3158,0.00371,-8.2,-2.6,33.9
282.1,3135,0.00386,-11.5,-4.6,34.2
283.4,3159,0.00277,-10.2,-1.4,30.8
283.2,3139,0.0046,-9.4,-3,33.5
282.8,3166,0.00501,-10.7,-2.3,35.5
281.9,3138,0.00411,-10.1,-4.3,34.6
283.8,3173,0.00228,-10.4,-2.5,30.8
284.2,3143,0.00246,-8.2,-2.6,30.9
283.4,3180,0.003,-7.1,-3.2,33.6
283.1,3152,0.00218,-10.7,-4.8,32.4
283.6,3195,0.0018,-7.6,-4.3,32.8
284,3163,0.00277,-7.8,-3.6,33.1
284,3187,0.00335,-8.1,-2.6,35.6
283.3,3151,0.00265,-8.3,-5.1,35.4
284.1,3180,0.00116,-7.7,-1.4,31.7
284.1,3142,0.00244,-6.4,-1.1,33.3
283,3157,0.00238,-4,-1.2,35.4
282,3129,0.00262,-6.2,-2.3,36.3
283.2,3159,0.00208,-5,0.7,35
283.4,3132,0.003,-2.9,0.1,37
283.1,3168,0.00348,-4.6,5.1,39.5
283.2,3141,0.00186,-0.5,0.9,36.4
283.3,3172,0.00265,0.4,5.3,36.8
283.9,3150,0.00413,0.8,1.1,39
284.4,3168,0.00427,1.9,-1.5,42.2
284.9,3139,0.00282,1.4,-1,40.6
285.2,3168,0.00301,0,3.8,40.7
285,3143,0.00297,0.5,0.9,39.4
284.4,3164,0.00332,0.3,0.4,39.4
284.9,3145,0.00344,-0.1,0.2,38.6
285.9,3162,0.00341,-1.1,0.5,37.3
285.3,3134,0.00378,-0.5,-0.5,39.7
285.1,3161,0.00423,-2.7,-0.9,40.1
283.5,3145,0.00458,-3.3,-4.3,41.7
284.1,3168,0.00407,-4.3,0.6,40.8
284.6,3142,0.00529,-1,1.3,41.9
283.6,3168,0.00562,-2.3,0.1,43.2
282.1,3147,0.00558,-3.3,-3.5,44
282.3,3179,0.00525,-3.2,-2.8,44.5
282.8,3153,0.00479,0.3,-2.9,42.6
283.2,3166,0.00471,-0.2,-2.6,43.1
283.7,3154,0.00374,-2.5,-3.4,41.6
284.4,3171,0.0032,-0.7,-0.9,40.3
284.1,3145,0.00314,-1.8,-0.4,42.6
283.5,3162,0.00324,-4.6,-3.7,43.5
284,3141,0.00289,-4.7,-1.7,41.2
284.6,3156,0.00277,-1.5,-1.8,38.7
284.2,3143,0.00316,-2.5,-3.4,39.9
284.7,3167,0.00266,1.3,-1.5,38.5
284.4,3137,0.00297,-2,-5.8,38.2
285,3148,0.00247,-2.3,-1.9,36.6
284.2,3115,0.0041,-3.6,-4.4,40.2
283.6,3144,0.00371,-1,-3.9,42
283.7,3131,0.00362,-6,-5.8,41.7
284,3155,0.0045,-0.8,-3,41.6
283,3133,0.00647,-7.5,-5,44.2
282.6,3155,0.00944,-5.7,-4.4,47.5
283.1,3143,0.00944,-7.6,-6.6,46
283,3169,0.00862,-6.9,-5,46.6
282.8,3140,0.00755,-7.8,-4.3,46.4
283.6,3156,0.00472,-7.7,-3.9,43.4
285,3133,0.00309,-8.6,-6.2,42.6
285,3158,0.00222,-7.6,-1.5,40.3
285.6,3138,0.00167,-8.1,-1.3,37
284.9,3157,0.00172,-2.1,2.4,36.7
283.8,3139,0.00239,-4.2,-3,37.3
284.1,3164,0.00302,-1,0.6,37.5
284.4,3137,0.0032,-3.3,-0.4,39
284.3,3162,0.0033,-5.2,-2.7,38.9
284.6,3139,0.00265,-8.3,-2.9,35.9
285.7,3174,0.00285,-2.9,2.9,36
285.1,3142,0.00373,-5.7,0.2,37.9
284.1,3162,0.00442,-5.6,0.9,39.6
283,3143,0.00497,-3.8,0.8,40
283.6,3164,0.00495,-1.7,-1.1,41.4
284.1,3142,0.00477,-3.8,-3.1,42.8
283.6,3180,0.00461,-3.2,-4,43.7
283.6,3151,0.0045,-6,-3.4,42.4
284,3177,0.00554,-5.3,-1.5,40.9
284.8,3150,0.00609,-5.3,-0.4,39.9
284.5,3181,0.00668,1.5,-1.8,40.9
283.8,3152,0.00672,-6.2,-1.8,42.3
284.5,3184,0.00704,-2.7,1.5,43.6
284.2,3144,0.00643,-2.9,-0.4,42.9
284.3,3174,0.00601,-3.6,-2.1,42.3
283.5,3153,0.00525,-3.7,-0.7,40.6
283.8,3173,0.00444,-2.7,-0.6,39.5
283.6,3141,0.0027,-1.6,-4.8,37.4
284.5,3162,0.00299,-2,-5,39.4
284.5,3140,0.00311,-8.5,-3.7,37.6
285,3161,0.00334,-5.8,-2.2,36.4
284.8,3138,0.0039,-3.7,-3.2,36.3
285.1,3146,0.00348,-3.8,-6.8,36.3
284.9,3128,0.00331,-8.1,-3.1,34.1
283.8,3151,0.00399,-3,-2.7,35
283.9,3130,0.00562,-3.8,-4.1,38.8
283.1,3140,0.00662,-3,-6.3,42.1
281.7,3121,0.0077,-10.3,-2.7,39.5
282.6,3148,0.00661,-6.4,-0.2,37.5
284,3138,0.00577,-8.6,0.4,37.4
283.6,3156,0.0036,-7.7,-1.1,38
282.9,3138,0.00343,-10.3,-1.5,38.8
284.2,3175,0.00305,-2.7,1.5,37.8
283.8,3147,0.00422,-4.7,1.6,40.2
283.3,3162,0.00463,-5,2.9,44.2
283.6,3136,0.00461,-6.5,1.3,42
284.1,3159,0.00442,2.2,-0.2,39.2
284.2,3139,0.00468,-3.4,1.4,40.6
285.2,3154,0.00388,-1.6,0.1,39.6
284.9,3140,0.00344,-7.4,1,39.5
285.7,3153,0.00324,-5.1,1.6,37.3
284.4,3139,0.00403,-3.9,-0.2,39.1
282.9,3148,0.00515,-5.1,-0.1,42
284.3,3132,0.00283,-9.3,0.6,38.8
284.6,3152,0.00289,-10,1,39.6
283.8,3137,0.00433,-9.6,-0.9,43.1
282.1,3152,0.00619,-6.9,0.1,47.9
281.1,3139,0.00682,-8.6,-1.4,49.3
282.8,3154,0.00532,-6,-0.8,45.4
283.7,3144,0.00509,-5.6,-5.5,44
283.8,3166,0.00513,-6.2,-4.5,44.9
284.4,3145,0.00474,-5.4,-2.4,44
285,3160,0.0042,-1.9,-0.4,42.4
285.7,3136,0.00401,-4.6,-2.2,40.9
284.6,3163,0.00433,-5.9,-5,41.6
283.9,3143,0.00424,-6,-6.3,40.7
285.4,3165,0.00368,-3.7,-2.5,38.4
284.8,3137,0.00366,-3.6,-3.9,37.7
284.5,3164,0.00394,0.7,-3.6,38.7
283.7,3138,0.00419,-8.3,-3.2,38.6
285.1,3174,0.00336,-6.9,0.5,36.5
285.3,3150,0.00328,-5.6,-1.7,35.2
284,3168,0.00358,-1.2,-1.6,36
282.6,3142,0.0041,-4.5,-1.9,35.7
283.6,3168,0.00248,-3,-0.9,33.1
283.4,3143,0.00233,-4.3,-4.5,33.8
283.6,3164,0.0027,-6.1,-1.2,35.3
283.4,3144,0.00289,-6.3,-1.9,35.6
283.8,3168,0.00319,-4.2,0.1,36.1
283.8,3141,0.00319,-5.6,-1.7,37
284.5,3170,0.00287,-6.3,-3,37.8
284.3,3148,0.00212,-6.5,-2.6,36.1
284.4,3172,0.00237,-4.9,-2.1,37.1
283.5,3144,0.00302,-1.7,-3.1,38.9
284.1,3165,0.00291,-2.4,-2,40.1
282.9,3143,0.00365,-3.6,-3.1,41.1
285,3165,0.00321,-4.5,-1.8,39.6
283.7,3131,0.00498,-1.4,-4.1,43.8
283.5,3154,0.00458,-1.9,-5.2,43
283,3133,0.00453,-6.9,-3.3,41.1
283.7,3170,0.00385,-2.4,-0.6,39.8
283.7,3154,0.0043,-2.5,-2.1,40.6
282.5,3174,0.0047,-2.8,-4.4,42
282.2,3148,0.0045,-5.9,-5.6,40.5
283.1,3168,0.00359,-5.2,-5,39.2
284.5,3145,0.00311,-5.6,-4.1,38.9
284.2,3166,0.00351,-4.9,-4.1,40.7
283.7,3148,0.00453,-6.2,-3.1,42.1
283.4,3163,0.0051,-2.6,-1.3,43.6
283.2,3141,0.00591,-6.2,-2.8,44.8
284.4,3164,0.00557,-2.6,-2.7,43.4
285.5,3144,0.00549,-6.6,-3.5,42.4
284.2,3164,0.00608,-4.3,-1.2,44
283.6,3140,0.00584,-7.8,-2.9,45.3
283.5,3152,0.00536,-6.4,-3.6,45.4
284.4,3126,0.00534,-4.5,-3.7,44
283.8,3163,0.00501,-4.1,-0.6,45.3
284.4,3137,0.00498,-7.7,-2.9,47.2
284.6,3153,0.00505,-7.8,-5.5,46.7
284.4,3119,0.0051,-5.7,-1.4,44.5
284.4,3155,0.0051,-1.2,-0.6,42.9
284,3136,0.00566,-3.4,-3.3,45.5
283.8,3152,0.00524,-6,-4.4,46.7
283.8,3133,0.00638,-5.8,-6.4,47.8
284.9,3171,0.00588,-5.9,-7,45.7
284.9,3148,0.00613,-9.3,-9.1,46.7
284.2,3166,0.00597,-7.8,-8.9,48.4
283.4,3135,0.00576,-6.9,-4.7,47.4
283.4,3163,0.00554,-4.5,-2.4,48
283.2,3134,0.00667,-6,-6,51.4
283.9,3156,0.00619,-9.2,-5.6,50.3
283.2,3109,0.00569,-8.5,-8.8,46.9
283.4,3134,0.0051,-5.7,-5.3,45.5
282.9,3095,0.0045,-8.8,-9.4,46.9
282.7,3117,0.00465,-6.6,-10.5,48.1
283.4,3087,0.00576,-5,-12,49.3
282.5,3118,0.00782,-3.1,-10.6,55.1
283.3,3093,0.00737,-2.4,-14.5,54.2
283.3,3120,0.00825,-3.4,-16.2,57.1
282.5,3093,0.00886,2.5,-13.3,55.9
282.5,3122,0.00917,2.9,-11.9,55.2
283,3114,0.00884,4.8,-9.8,53.2
284.2,3145,0.00876,6.7,-10.7,54.3
284.3,3102,0.00871,5.8,-7.5,51.5
283.9,3133,0.00813,5.1,-5.7,50.2
284,3111,0.0075,4.7,-5.2,48.7
283.7,3142,0.00757,2.1,-7.7,49.4
284.4,3113,0.00841,4.7,-4,48.3
285.5,3146,0.00778,3.8,-1.2,49.3
285.7,3120,0.00801,1.8,-4.8,51
285.6,3148,0.0086,0.9,-6.1,52.6
284.9,3125,0.00918,0.7,-3.1,53.2
285.1,3163,0.00931,0.4,-4.7,52.8
284.7,3130,0.00966,-1.1,-3.4,53.2
284,3158,0.00922,1.8,-3.7,50.3
283.7,3134,0.0087,-0.5,-5.2,46.1
284.2,3163,0.0083,-5.9,-4.2,43.9
285.4,3144,0.00747,-3.6,-2.9,46.2
285.8,3169,0.0069,0,-3.1,44
285.6,3148,0.00655,0.1,-3.1,39.2
284.6,3164,0.00613,1,-3.3,40.5
284.3,3146,0.00554,-0.5,-1.8,40.8
283.7,3162,0.00441,-4.2,-2.7,38
283.1,3144,0.00381,-1,-3.1,35.3
283.4,3161,0.00399,-0.7,-5,34.9
283.5,3137,0.00369,-2.3,-5.1,37
283.9,3148,0.0031,0.7,-4.6,33.2
284.3,3131,0.00271,0.7,-2.8,30.2
284.4,3150,0.00273,-3.7,-3.1,28.8
283.2,3131,0.0035,-0.9,-1.8,33.3
283.6,3157,0.00337,0.3,-3.6,31.9
283.4,3135,0.00333,0.9,-2,29.1
283.9,3157,0.00379,-2.4,-3.9,30.1
283.7,3135,0.00464,0.5,-2.9,34.9
284.1,3154,0.00407,0.2,-0.8,34.7
284,3131,0.00404,-0.3,-1.5,33.2
284.6,3159,0.00445,-1.7,0.6,32.9
283.5,3136,0.00436,-1.1,-3.7,35.6
283.7,3154,0.00317,-1.8,-3.6,35.9
283.9,3137,0.00287,-0.5,-1.5,32.8
284.4,3162,0.00273,-1.3,-1,29.5
283.9,3140,0.00367,-4.7,-3.7,34.5
283.3,3147,0.00408,-7,-5.6,36.9
283.6,3137,0.00371,-0.8,-0.8,35
284.1,3165,0.00326,-0.6,-3,32.4
283.7,3140,0.00453,-1.2,-3.6,35.9
282.6,3140,0.00525,-0.5,-4.4,38.6
282.9,3133,0.0044,-1.2,-3.9,35
282.3,3151,0.00525,-3.7,-3,35.5
282.7,3134,0.00582,-6.2,-2.4,37.8
282.5,3148,0.00605,-6.1,-3.4,40.2
282.5,3129,0.00647,0.3,-1.8,39.4
282.4,3154,0.0057,-1.3,-2,38.7
282,3142,0.00715,-1.2,-1.7,42
281.8,3160,0.00547,-3.6,0.1,39.7
282.2,3133,0.0047,2.3,0,37.1
282.9,3152,0.0044,1.8,-0.6,34.9
282.9,3137,0.0045,3.7,-1.1,35.8
283.1,3155,0.0037,-4.2,-4.5,35
284.1,3118,0.00349,2,-1.9,33.8
284.5,3153,0.00346,-1.1,-0.1,33.1
283.6,3117,0.00405,5.3,-1.6,37.4
284.3,3139,0.0033,3.5,-3,37.3
285.3,3120,0.0029,3.4,-2.3,35.1
285.1,3149,0.00323,1.2,-1,36.6
284,3125,0.00416,2.7,-1.9,40.8
284.8,3149,0.00268,1.5,-0.8,37
285.1,3127,0.00311,3.8,0.2,36.2
284.8,3149,0.00378,0.9,0.7,38
283.7,3126,0.00453,7.8,-1,41.6
283.5,3147,0.00447,2.8,-2.7,43
283.6,3119,0.00506,8.7,-1.6,42.4
283,3151,0.00626,8.6,-2.2,43.9
283,3128,0.00755,8,-1.7,46.5
282.8,3151,0.00777,2.4,0,47
283,3130,0.00744,6.7,0.5,44.2
283,3149,0.00637,9.8,-0.9,42.9
282.6,3130,0.0064,9.1,-3,44.5
283.3,3155,0.0066,2.2,0.1,43
284.1,3129,0.00604,6,2.2,40.5
283.5,3145,0.00636,5.8,4,42.1
284.1,3133,0.00639,7.1,2.4,43.1
284.8,3162,0.00791,6.2,1.6,46.3
285.4,3139,0.00747,9.6,3.2,46.5
284.9,3158,0.00833,8,5.4,49.9
284.4,3125,0.00817,11.4,5.3,50.5
284.1,3149,0.00766,10.4,2.5,49.6
283.7,3125,0.00746,14.2,4.2,48.2
284.1,3156,0.00685,13.1,1.6,47.2
284,3132,0.006,12.8,6.1,45.4
284.4,3157,0.00581,16.8,5.4,44.2
284.7,3133,0.00605,16.4,4.4,45
285.5,3160,0.00561,15.8,4.2,44.4
285.4,3133,0.0052,15.8,2,41.7
285.8,3148,0.00495,14.1,0.5,40.8
284.8,3134,0.00524,13.6,0.3,40.6
284.4,3156,0.00545,10.2,-0.3,42.1
283.2,3135,0.00569,13,-1.9,42
284.5,3152,0.0049,8.1,-2.8,38.1
283.6,3138,0.00483,9.2,-5.1,38.1
283.8,3161,0.00535,9.6,-2.2,40.9
284,3139,0.0052,9.8,-5.2,42
284.3,3165,0.00554,7.7,-6.8,41.3
283.6,3146,0.00539,10.2,-4.6,39.6
283.8,3166,0.00547,7.8,-1.9,40.4
282.4,3141,0.0057,11.3,-5.5,42
283.2,3168,0.0058,5.7,-5.6,40.7
283.9,3139,0.00573,10.6,-6.6,39.3
284.1,3160,0.00523,9,-8.2,41.5
283.8,3138,0.00569,10.1,-6.7,45.5
283.9,3150,0.00539,7.7,-5.2,40.7
283.8,3129,0.00524,12.9,-5.3,38
284.4,3152,0.00463,11.5,-4.9,38.9
284.5,3127,0.00406,11.7,-5.8,39.7
284.1,3132,0.0043,9,-5,39.8
284.4,3111,0.00439,10.6,-2.4,38.6
284.1,3129,0.00442,9,-4.4,41.3
283.8,3109,0.00479,11.5,-3.5,42.3
283.7,3129,0.00521,5.6,-5.6,39.8
283.4,3101,0.00565,5.9,-3.7,38.3
283.4,3129,0.00599,5.1,-1.7,40.7
282.6,3094,0.0063,7.3,-2.5,43.5
283.2,3116,0.00612,9.5,-3.9,40.5
283.5,3095,0.00614,5.5,-4.9,38
283,3128,0.00572,1.1,-3.7,40
281.8,3102,0.00557,7.4,-4.2,44.4
282.1,3120,0.00498,4.9,-4.6,43.2
282.4,3095,0.0056,7.8,-3.2,40.1
282,3126,0.00605,6.2,-5.8,43.6
281,3095,0.0064,8.9,-5.7,47.6
280.3,3114,0.00762,8.4,-6.5,50.6
281.4,3093,0.00725,10,-2.5,47.2
282.4,3119,0.00704,9,-2,48.3
281.2,3090,0.00716,10.8,-3.5,51.7
280.9,3105,0.00682,11,-5.2,50.1
282.4,3090,0.00673,10.7,-4.2,46.4
282.6,3115,0.00609,8.9,-5,48
282.6,3099,0.00609,11.4,-4,50
283.9,3125,0.00539,14,-5.5,48.7
283.2,3112,0.00558,15.7,-6,48.4
283.1,3137,0.00662,9.6,-5.2,51.4
282.3,3121,0.00761,11.9,-4.4,52.5
282.3,3137,0.0074,12.6,-8.9,49.2
282.2,3109,0.00695,15.2,-8.1,46
283.3,3136,0.00715,13.9,-3.7,47.2
282.1,3112,0.0071,15.4,-7.6,48.9
282.4,3139,0.00715,14.7,-11,48.1
282.3,3108,0.00669,15.8,-8.6,47.6
282.9,3132,0.00739,11.7,-9.6,52.9
282.6,3109,0.00829,12.1,-10.4,55
283.3,3132,0.00759,12.9,-13,51.4
282.5,3103,0.00761,15.8,-7.2,49.1
282.5,3131,0.00751,14.1,-6.8,49.7
282.7,3118,0.00761,14.5,-6.9,47.8
284.1,3136,0.00697,13.3,-7.7,44.6
284.7,3121,0.00629,14.4,-7.5,44.2
283.5,3140,0.00592,10.7,-6.3,48
283.1,3112,0.00597,14.6,-5.7,48.8
283.8,3137,0.00638,15.1,-7.8,47.6
284.4,3118,0.00652,16.6,-4.2,46
282.9,3127,0.00654,12.9,-3.5,47.6
282.6,3106,0.00661,18.6,-5,47
283.2,3128,0.00667,18.3,-6.2,45.4
283.3,3113,0.00693,15.9,-4.3,48.5
283.4,3143,0.00709,15.5,-2.9,52.2
283.4,3125,0.00753,15.3,-1.8,53.6
283.6,3135,0.00764,18.2,-1.8,54
283.3,3113,0.0077,20.1,0,50.7
282.6,3141,0.00672,17.4,-0.6,49.8
282.5,3113,0.00699,22.2,-4.5,48.8
282.8,3131,0.0084,24.8,-5.2,48.6
283.2,3121,0.00689,19.8,-5.7,46.7
283.8,3141,0.00706,17.1,-5.3,47.8
284.2,3119,0.00725,18.7,-7.4,48.4
284.8,3140,0.00755,17.8,-9.7,48
283.6,3116,0.0082,20.2,-8.3,50.1
284.1,3137,0.00709,15.8,-5.8,49.2
284.4,3116,0.00676,17.1,-6.2,47.1
285.1,3137,0.00733,18.5,-7,44.2
285,3111,0.00814,16.8,-7,44.3
283.1,3140,0.00803,14.3,-3.4,47.7
282.9,3109,0.00718,14.6,-6.4,48
284.2,3134,0.00772,13.2,-6.4,46.8
283.8,3126,0.00853,11.4,-4.5,48.4
283.8,3144,0.00842,6.8,-3.4,48.6
283.6,3126,0.00864,8.7,-4,50.8
282.7,3149,0.0094,9.5,-5,52.1
282.3,3135,0.00925,8.3,-1.9,47.8
282.9,3148,0.0091,8.9,-1.7,45.6
283.7,3130,0.0078,9.2,-2.4,44.6
284.4,3157,0.00664,11.8,-5,43.7
284.3,3130,0.00612,11.5,-0.3,41.9
284.6,3148,0.00613,8.6,-1.2,45.2
284.8,3126,0.00694,13,0.4,47.1
284.9,3145,0.00723,14.4,-4.7,47.5
285,3126,0.00679,11.3,-1.2,44.2
284.5,3136,0.00621,7.7,-1.4,42.2
284.9,3122,0.00613,9.5,1.1,41.3
284.7,3138,0.00532,9,-4.9,39.7
284.1,3120,0.00523,13.2,1.4,40.5
283.3,3139,0.00715,9.2,0.1,44.7
282.7,3115,0.00782,15.2,-1.2,46.7
283.1,3145,0.00814,12.4,-2.4,45.3
283.5,3116,0.00858,14.8,0,44.1
284.4,3142,0.00853,13.8,0.1,45.6
283.4,3117,0.0072,16.9,-0.2,45.9
284.4,3134,0.00605,15.9,-3.2,43
284.3,3109,0.00636,19.1,1.3,43.6
284.6,3129,0.00625,13,2,43.6
284.1,3113,0.00709,18.5,0.9,44.4
284.7,3133,0.00617,13.1,-5.5,43.3
283.8,3117,0.00649,17.8,-1.5,43.9
285,3130,0.00555,16.3,1.2,43.1
283.6,3102,0.00562,18.7,1.1,45.4
284.3,3128,0.00695,16.1,-2.5,43.8
284.1,3107,0.00581,18.4,-2.8,43.1
284.2,3132,0.00713,16.2,-3.3,44.5
284.1,3116,0.00616,17.7,-3.5,44.4
284.6,3131,0.00828,18,-1.7,45.3
284.9,3114,0.00686,14,-3.1,45.1
285.1,3131,0.00621,7.8,-4.2,45.1
283.9,3112,0.0063,10.7,-5.8,45.7
283.8,3129,0.0066,10,-4.7,43.3
283.9,3114,0.00608,5.7,-3.2,40.7
283.6,3136,0.00573,5.6,-3.5,44.2
283.1,3109,0.00587,6.1,-1,46.3
282.8,3121,0.00649,5.7,-1.2,46.8
283.6,3105,0.00719,3.6,-0.1,45.4
283.6,3123,0.00797,3.7,0,47.7
283.8,3100,0.00819,4.3,0.1,48.5
283.4,3121,0.00864,3,-0.4,49.5
283.7,3105,0.00915,-1.1,1.4,47.3
283.5,3126,0.00803,1.8,2.6,45.9
284,3117,0.00807,2.4,2.2,48.5
284,3144,0.00796,0.9,0.3,50.3
284.1,3112,0.0072,0.2,1.2,48
283.8,3135,0.00694,-1.1,2.6,47.3
282.9,3116,0.00718,2.5,2.4,49.3
283.2,3145,0.00667,3.2,1.7,47.6
282.4,3127,0.00673,3.2,1.6,46.7
282.9,3153,0.00675,4.2,1,45.6
282.7,3127,0.00603,4.5,2.3,44.1
282.7,3148,0.0074,3.1,3.1,43.3
282.4,3128,0.00735,7,1.7,41.4
282.3,3147,0.0071,2.9,1.9,43.1
282.2,3117,0.00654,8.2,0.6,44.5
281.4,3144,0.00648,5.3,0.6,45.1
280.8,3115,0.00743,7,-0.9,43.9
281.6,3140,0.00726,5.1,-3.5,42.4
281.8,3114,0.00765,8.7,-3.5,43.4
282.7,3145,0.00782,8.4,-2.9,44.5
282.9,3123,0.00803,10.6,-4.4,42.9
283.7,3137,0.00769,9.9,-2.5,42.5
283.2,3119,0.00787,11.4,-3.8,45.2
282.5,3142,0.00792,11,-4.4,48.1
282.4,3117,0.00725,13.6,-7.9,44.9
283,3142,0.00798,4.3,-5.6,45.4
281.6,3110,0.00833,11.6,-7.9,48.8
281.5,3123,0.00818,10.7,-7.7,51.5
282.6,3101,0.00777,12.3,-6.3,46.8
283.1,3122,0.00803,9.5,-5.9,46.7
282.5,3101,0.00782,10.1,-7.5,48.4
282.7,3128,0.00866,5.8,-8.8,48.9
282.6,3102,0.00881,8.7,-5.1,46.8
283.6,3119,0.00797,6.6,-4.8,47.4
282.6,3099,0.00818,8.1,-6.3,51.5
283,3129,0.00841,9.2,-6.2,52.7
282.7,3103,0.00803,6.4,-3.8,52.1
283.4,3125,0.00764,4.8,-3,51.9
282.5,3096,0.00771,5.6,-2.6,52.1
282.4,3123,0.00807,6.5,-2.9,50.9
282.5,3109,0.00844,6.5,-1.9,49.4
282.9,3122,0.00857,3.7,-1.4,50.4
282.8,3099,0.0084,4,-0.2,51.8
281.8,3125,0.00884,5,-0.1,54.2
282.6,3110,0.00902,5,-1.2,52.4
283,3127,0.00916,1.6,-0.3,52.2
283,3107,0.00905,0.1,-0.5,52
282.4,3132,0.00921,3.1,-0.7,53.5
282.5,3105,0.00896,3,2.1,51
282.6,3130,0.0085,2.2,1.9,50.1
284.1,3117,0.00766,3.2,1.4,49
283.1,3127,0.0076,1.8,-0.8,49.7
283.6,3117,0.0082,5.5,-0.1,49.9
283.8,3134,0.0074,-1.4,-0.1,49.1
283.7,3110,0.00746,3.7,-1.8,49.3
283.1,3129,0.00717,2.9,-2.5,49.7
282.9,3107,0.00792,6.6,0,48.1
283.1,3136,0.00673,4.2,-1.8,46.1
282.6,3111,0.00714,9.1,-1.1,46.7
282.4,3137,0.00715,7,-2.6,47
282,3111,0.00736,9,-0.4,45.2
281.9,3133,0.00711,6.9,2.5,45.7
282.2,3110,0.00654,10,2.7,44.2
283,3137,0.00604,6.7,4.5,42.5
282.9,3123,0.006,12.1,2.6,41.3
283.8,3148,0.00558,9.5,-0.5,41.4
283.5,3122,0.00547,11.1,0.7,42.3
284.3,3157,0.0046,6.9,2.2,39.8
285.1,3128,0.00423,12.6,-0.5,37.7
285.3,3137,0.00378,11.8,-1.9,37.5
285.1,3119,0.00423,13.4,-2.9,39.1
284.6,3135,0.00469,12.5,-2.6,39.1
284.5,3109,0.00537,17.3,-2.1,39
285.1,3128,0.00522,15.6,-1.2,39.3
285.3,3102,0.00454,19.1,0,41.2
286,3112,0.00607,19.6,-1.4,43.8
284.7,3097,0.00725,19.5,-1.7,47
284.6,3120,0.00745,17,-0.8,46.8
283.8,3086,0.00706,16.5,-2,44.3
283.2,3118,0.00918,14,-2.4,43.7
283,3104,0.00948,15.2,-3.2,45
283.6,3130,0.0082,14.8,-2.9,46.1
283.6,3106,0.00887,14.5,-3.7,45.7
284.1,3130,0.00801,15.2,-3.8,44.5
284.4,3099,0.00747,14.5,-4.1,44.2
284.3,3136,0.00812,12.5,-4.2,46.6
283.5,3111,0.00858,12.2,-3.5,48.3
284.1,3144,0.00986,13.4,-2.5,47.8
284.1,3114,0.00859,15,-2.9,45.7
284.7,3139,0.00786,12.7,-3.6,45.5
284.3,3110,0.00742,11.9,-5.1,44.3
283.2,3139,0.00743,9.6,-6.3,44.3
282.8,3120,0.00808,9.4,-4.8,42.9
283.1,3146,0.00792,6.3,-0.9,42.5
282.6,3118,0.00797,8.7,-3.5,43.8
282.4,3150,0.00735,5.4,-1.1,42.6
281.6,3131,0.00755,6.9,-3.2,41.1
282.7,3156,0.00719,5.5,-3.2,40.7
283.1,3131,0.00695,6.4,-2.9,43.7
282.6,3150,0.00745,4.8,-2,45.3
282.7,3122,0.00824,5.6,-1.8,44.1
283.8,3143,0.00785,6.2,-0.4,43.2
283.2,3120,0.00776,6.7,-0.8,45.7
283.3,3143,0.00693,6.3,0.2,45.7
284.3,3127,0.00659,5.6,-0.2,43.2
284.4,3146,0.00676,7.4,-0.9,43.5
283.6,3126,0.00708,6.9,-2.6,45.7
282.6,3146,0.00672,4.1,-2.5,45.3
282,3133,0.00715,4,-1.4,44.7
282.9,3148,0.00718,4.1,0.6,43.5
282.8,3125,0.00702,4.8,-2.3,44.8
282.5,3140,0.0074,5,-3.8,46
282.5,3125,0.00813,4.9,-3,45.8
283,3145,0.00841,3.8,-2.7,46.4
283.2,3127,0.00809,5.8,-3.3,47.8
283.6,3144,0.00853,6.2,-1.9,49.4
283.4,3122,0.00842,6.8,-1.4,48.3
284.5,3144,0.00728,5.7,-0.9,46.3
284.2,3117,0.00713,6.8,-2.3,47.5
283.9,3134,0.00653,8.7,-2.6,46.8
284.6,3115,0.00529,7.8,-2.2,41.5
284.3,3140,0.00507,4.7,1.5,42.4
283.4,3110,0.00488,8.1,-1.3,42.5
283.5,3128,0.00424,7.7,-2.3,40.5
284.4,3116,0.00439,9.6,-2.5,39.3
283.8,3141,0.00456,12.1,-2.8,40.2
283.2,3108,0.00558,10.5,-4.9,42.8
283.4,3132,0.00565,9.1,-5.8,41.1
283.1,3108,0.00597,11.3,-5,39.6
283.1,3134,0.00565,10.2,-3.5,40
282.8,3107,0.00554,13.4,-5,39
283.5,3126,0.00536,12.4,-5.6,36.4
283.8,3099,0.00524,12.8,-6.9,36.4
283.7,3127,0.00475,8,-7.3,38.3
283.9,3095,0.00447,9.3,-4.4,38.6
284.3,3120,0.00401,10,-1.6,37.9
283.8,3105,0.0049,8.7,-5.1,37.1
283.8,3120,0.00569,5.2,-5.5,38.5
282.4,3087,0.0056,7.3,-5.2,39.5
283.1,3116,0.005,5.8,-3.1,39.7
283.2,3100,0.00591,6.9,-3.1,40.1
284,3133,0.00612,7.8,-3.4,40.2
282.8,3101,0.00639,7.8,-2.6,43.5
283.2,3117,0.00634,5.5,-1.8,43.2
282.4,3110,0.00663,6,0.1,42.6
282.9,3129,0.00643,5.3,-1.4,42.6
282.6,3099,0.00661,4.6,-1.8,46.2
282.3,3133,0.0071,3.3,-2.1,48.3
282.4,3105,0.00745,2.4,-0.7,47.6
283.3,3128,0.00715,3.3,0.3,46.9
282.3,3105,0.0073,6.1,-3.4,48.3
281.8,3128,0.00745,5.6,-3.8,49.2
281.8,3112,0.00765,4.3,-3.4,46.2
282.4,3146,0.00725,4,-3.7,44.9
281.7,3113,0.00691,4.7,-3,46.9
282.6,3134,0.00609,5.2,-1.5,46
282.3,3122,0.00638,4.7,-1.1,45.7
282.3,3155,0.00617,6.9,-1.8,46.8
282.5,3125,0.00553,9.4,-4.1,45.5
283.6,3136,0.00551,6.8,-7.4,43.8
284.6,3127,0.00541,6.1,-3.7,41.1
283.9,3144,0.00619,6.4,-2.2,42.7
282.4,3114,0.00684,6.8,-4.7,44
283.1,3135,0.00608,4.1,-4,41.3
283.7,3126,0.00678,6.5,-2.8,40.3
283.7,3148,0.00611,7.6,-1.6,39.6
283.1,3108,0.00608,6.8,-3.2,41.4
283.7,3138,0.00588,5.2,-4.1,42.2
283.6,3121,0.00685,6,-1.4,42.2
283.4,3153,0.00687,6.6,-2.1,43.6
282.6,3119,0.00703,8.7,-3,45.4
283,3139,0.00637,8.4,-3.7,43.7
282.9,3122,0.00643,9,-1.7,42.8
283.1,3142,0.0063,7.8,-1.4,44.9
281.9,3110,0.00631,7.9,-4.7,47.3
283,3140,0.00529,4.5,-7.7,46.7
282.6,3119,0.00546,9,-2.7,45.3
283.3,3140,0.00562,6.4,-2.3,44.9
282.3,3113,0.00648,5.7,-4.4,47.6
282.9,3134,0.00664,3.3,-3.1,48.4
281.8,3113,0.00706,5.7,-1.9,46.9
282.1,3141,0.0071,7.7,-1.3,47
281.2,3101,0.00706,7.2,-5.2,47.6
281,3127,0.00734,4.4,-5.9,48.4
281,3112,0.00725,5.6,-2.7,47.4
281,3139,0.00668,6.7,-2.7,47.7
280.1,3096,0.00672,6.8,-3.1,48.5
280.3,3129,0.00709,5.5,-4.3,49.5
281.3,3106,0.0072,6.6,-1.8,47.9
280.6,3136,0.00705,5.5,-1.8,49.8
280.8,3104,0.00733,6.1,-3.6,50.7
282.3,3137,0.00679,5.4,-3,48.4
282.7,3119,0.00655,6.9,-0.7,47.6
282.9,3147,0.00643,5.9,-1.3,48.1
282.7,3118,0.00624,7.9,-1.3,48.9
282.6,3145,0.00651,8.2,-3,49.2
282.5,3132,0.00626,7.6,-1.4,45.6
282.4,3151,0.00611,5.6,-0.9,46.4
282.7,3117,0.00539,7,-0.9,46.3
282.8,3143,0.00511,7.3,-2.4,46.1
282.7,3127,0.00476,8,-0.8,43.6
282.6,3152,0.00525,6.7,-0.9,44.8
282.2,3128,0.00572,8.1,-1.8,47.7
282,3144,0.00545,6.6,-0.8,47.2
282.4,3137,0.00539,8.7,0.6,42.9
283.2,3168,0.00558,7.8,-0.9,41.7
282.2,3141,0.00593,11.3,-1.2,42.7
282.4,3171,0.00622,8.8,-2.6,42.3
281.9,3147,0.00641,10.7,-1.3,42.7
282,3163,0.00715,8.1,-1.7,42.5
281.1,3133,0.0072,9.7,-2,43.4
281.2,3155,0.00754,5.7,-4,43.1
282.2,3145,0.00715,12.4,-2.8,41.6
282.2,3165,0.00685,12,-2.4,41.2
281.9,3137,0.00541,13.3,-4.5,40.9
282.7,3152,0.00476,12.3,-4,38.4
283.7,3133,0.00453,11.9,-3.8,35.2
281.9,3142,0.00441,8.6,-6.2,36.1
280.7,3120,0.00471,12.1,-5.3,38.8
281.4,3136,0.00465,10.9,-5.5,38.2
282.4,3122,0.00456,10.8,-2.6,36.9
282.8,3149,0.00458,9.3,-2.7,39
281.8,3115,0.00537,9.2,-3.1,42.4
281.8,3144,0.00736,1.3,-5,45.3
282.2,3127,0.00725,2.1,-4.5,45.9
282.1,3150,0.00781,4.6,-3.8,46.8
281.1,3122,0.00758,3.6,-2.9,49.9
281.2,3155,0.00678,-0.3,-2.5,50.5
281.7,3130,0.00691,3.1,-2.2,48.3
281.7,3152,0.00652,5.6,-1.2,46.2
281.5,3128,0.00624,5.7,-2.2,45.9
281.4,3148,0.006,5.2,-4.5,45.5
280.7,3120,0.0071,6.1,-1.7,43.9
281.1,3147,0.0073,6.3,-1,42.4
281.1,3104,0.00767,8.5,-1.9,42.9
282.1,3134,0.00821,7.3,-3.8,43.7
281.9,3111,0.0085,5.9,-4.5,43.3
282.4,3135,0.0088,5.2,-4.1,44.3
281.6,3111,0.00843,7.2,-4.7,46.5
281.5,3141,0.00818,3.9,-5.1,47.1
281.8,3116,0.00795,6.6,-5.8,44
282.5,3145,0.00699,6.9,-8.2,41.5
282,3116,0.00665,8.6,-6.5,44.4
282.4,3139,0.00642,8.2,-6.5,45.4
283.8,3121,0.00649,8.5,-5.2,42.1
283.7,3148,0.00656,9.1,-5.8,43.6
282.2,3121,0.00634,10.4,-6,45.8
282.5,3148,0.00563,9.3,-4.8,46.4
282.8,3126,0.00511,11.5,-4.8,44.7
283.2,3152,0.0046,9,-3.8,43.5
282.2,3115,0.00511,11.2,-2,45.5
283,3136,0.00443,9.2,-1.9,43.3
283.6,3120,0.00461,11.2,-0.2,40.9
283.7,3144,0.00475,10.6,-0.3,42.4
281.8,3111,0.00567,11.4,-1.8,45.8
282.6,3140,0.00536,11.4,-4.9,45.3
282.1,3113,0.00518,10.2,-2.8,42.6
282.6,3146,0.00494,7.6,-3.3,42.2
282.6,3115,0.00515,8,-2.2,44.8
283.6,3145,0.00472,7.1,-4.5,42.7
283.4,3123,0.00477,6.5,-1.1,41.4
282.4,3153,0.00508,5.9,-1.1,43.9
283,3120,0.0055,7.7,-3.7,45.8
283.8,3150,0.00604,2.8,-5.4,47.3
283.8,3129,0.00706,8.1,-4.2,47
283.7,3151,0.00667,8.3,-5,45.9
283.1,3117,0.00597,7.1,-6.8,46.9
282.5,3137,0.00584,3.5,-7.6,46.9
283.4,3121,0.00576,6.6,-6.7,43.9
283.8,3147,0.00592,4.2,-5.8,43.9
283.1,3116,0.0063,8.2,-6.1,46.6
283.3,3148,0.00682,9.9,-7.1,47
283,3126,0.00701,9.3,-7.4,44.4
282.9,3148,0.00718,6.6,-4,45.6
282.7,3117,0.0074,9.4,-5.3,47.1
281.9,3145,0.00761,7.9,-8.8,48.4
282.1,3130,0.00771,12.3,-5,47.6
282.6,3147,0.00735,7.6,-4.4,46.8
281.6,3114,0.00686,11.2,-5.2,45.7
282.3,3136,0.00689,3.2,-5.3,45
282.8,3108,0.00723,12.6,-5.5,44.2
282.1,3129,0.007,13,-5.4,47.1
281.3,3100,0.00797,15.3,-6.5,50.8
283.6,3129,0.00674,6.7,-8.1,48.1
282.2,3107,0.00817,10.8,-5.8,49.1
283,3120,0.00701,12.7,-6.4,47
283.4,3097,0.00632,13.7,-6.4,48.2
282.8,3116,0.00607,7.6,-6.5,46.7
282.4,3106,0.00725,11,-4.4,47.2
282.1,3126,0.00771,10,-6.9,48.5
282.4,3102,0.00653,10,-6.2,47.7
282.6,3130,0.00599,5.9,-7.1,44.9
282,3116,0.00645,4.4,-4.8,43.7
282.3,3133,0.00771,3.2,-4.9,43.8
281.5,3110,0.0076,3.5,-4.7,46.5
281.8,3137,0.00755,1.3,-5.2,46.7
281.9,3122,0.0087,1.6,-2.6,45.6
281.8,3141,0.00884,0.3,-0.4,45.3
281.7,3115,0.00888,2.5,-0.3,47.1
282.6,3139,0.00797,1.4,-3.9,46.9
282.4,3115,0.00828,2,-2.1,44.3
282.7,3134,0.00813,0.8,-1.4,42.6
282,3105,0.00746,3.1,-1.6,43.5
282.4,3133,0.00653,2.9,-3.1,43
283.2,3115,0.00602,4.7,-2.9,39.6
282.6,3134,0.00599,6.8,-1,38.6
282.2,3107,0.00552,9.5,-1.6,39.9
283,3135,0.00486,8.7,-2.6,40.2
282.3,3101,0.00453,7.3,-0.8,38.3
280.9,3119,0.00458,6.8,-0.7,37.9
281.1,3092,0.00465,6,0,38.5
282.1,3127,0.00629,4.4,0.8,38.5
282.7,3105,0.00708,3.1,1.1,37.3
283.2,3132,0.00634,1.6,1.4,37.9
282.9,3101,0.00632,4.3,1.9,40.6
283,3135,0.0055,1.8,-0.9,41.2
282.8,3119,0.00575,2.5,0.1,40.9
283.4,3147,0.00477,3,0.6,39.4
283,3110,0.00507,3.8,-0.6,41.8
283.1,3140,0.00478,-0.9,-4.4,43.4
282.3,3128,0.00504,0.7,-2,44.1
283.7,3153,0.00498,1.3,-0.9,41.8
283.2,3123,0.00547,0.1,-0.9,42.1
282.3,3143,0.00587,-2,-1.1,42.6
281.4,3121,0.00648,-1.6,-1.1,43.3
281.9,3149,0.00601,-0.5,0.6,41.2
281.7,3115,0.00583,2.1,-1.1,41.5
281.6,3144,0.00549,-1.6,-1.7,40.9
280.8,3117,0.00604,1.9,-1,41.1
282.7,3135,0.00539,5,-2.4,37.9
282.5,3105,0.00501,4.9,-4.6,36.6
282.7,3128,0.00392,3.4,-4,35
282.6,3121,0.00347,2.2,-1.9,32.5
283.1,3144,0.00348,3.9,0.2,30.3
282.8,3112,0.00288,5,-1.7,30.1
281.9,3138,0.00291,2.3,-2.7,30.4
281.9,3124,0.00261,1.7,0.3,26.7
283.3,3153,0.00199,1,-1.3,24.8
282.2,3126,0.00307,1.3,0,31.2
281.5,3159,0.00302,1.3,2.1,33.3
280.7,3130,0.00332,3.7,2.5,33.1
280.7,3150,0.00296,4.7,0.8,32
280.4,3114,0.00389,6.5,-0.5,35.6
281.3,3141,0.00442,3.5,-2.9,36.8
281.3,3126,0.005,3.6,-3.3,34.6
282.4,3154,0.00487,2.9,-1.4,33.5
282.1,3119,0.00508,5.2,-3.1,37.4
282.4,3154,0.00487,4.7,-4.3,36.4
282.4,3131,0.00497,4.5,-1.2,36.2
282.2,3150,0.00511,4.5,-2.5,35.9
280.8,3114,0.00594,5.6,-3.3,40.1
281.7,3144,0.00701,1.5,-3.3,40.3
281.6,3120,0.00843,3,-0.6,41.5
281.4,3142,0.00822,3.5,-0.1,42.4
282,3117,0.00816,5.3,-0.4,46
281.5,3139,0.00769,4.1,-2.5,46.4
281.5,3122,0.00818,0.9,-1.3,44.7
281.4,3133,0.0086,0.1,-1.5,44.5
281.2,3114,0.00877,1.2,-1.9,48.6
281.7,3130,0.00937,-1.1,-1.8,49.4
280.8,3114,0.00918,-1.8,-0.5,50.4
282.4,3132,0.00972,-0.7,0.1,48.5
281.2,3111,0.00906,-0.1,-1.3,49.9
281.9,3134,0.009,-1,-2.3,50.8
281.7,3108,0.00937,0.8,-1.4,47.9
281.4,3133,0.0086,0.3,-2.3,45.8
281.6,3113,0.00784,-0.3,-2.3,43.8
282.4,3143,0.00632,-1.5,-2.1,42.6
281.7,3113,0.00701,-0.3,-2,41.8
281.8,3137,0.00676,0.2,-2.4,41.1
281,3116,0.00537,0.2,-2.3,41.8
281.7,3139,0.00356,-1.9,-4.3,40.5
281,3122,0.00405,-0.7,-1.3,39.2
281.9,3140,0.00411,-1.2,-0.7,38.6
280.5,3117,0.00392,2,-2.2,40
282.1,3151,0.00356,-0.4,-2.4,40.9
281.6,3123,0.0053,0.6,-2.7,42.8
282.2,3138,0.00491,1.5,-0.2,42.1
281.4,3113,0.00523,3.4,-2.8,44.3
281.9,3141,0.00471,-0.5,-5.8,42.9
281.7,3123,0.00464,2.5,-3.2,43
281.4,3136,0.00581,1.9,-2.3,42.9
281,3111,0.00612,3.1,-2.9,45.1
281.3,3137,0.00625,-2,-1.8,45.4
280.9,3111,0.00766,1.3,-1.9,44.4
281.9,3125,0.00741,1.5,-1.2,43.7
280,3105,0.00817,1.5,-2,47
280.6,3124,0.00815,1.3,-1.4,48
280.9,3103,0.00915,2.8,-1.7,48.3
281,3119,0.00922,3.4,0.4,49.9
281.1,3093,0.00947,2.6,1.5,52.1
280.7,3114,0.00884,3.5,2.6,51.1
281.2,3099,0.00934,5,2.5,50.5
281.1,3126,0.009,2.7,2.7,51.2
281,3106,0.0094,4.1,1.1,52.3
281.8,3127,0.00973,3.1,1.7,50.9
281.4,3109,0.00918,3.7,1,49.6
282,3131,0.00926,6.1,1,48.9
281.8,3115,0.00874,4.4,0.9,48.2
280.8,3136,0.009,0.4,1.5,47.3
279.9,3116,0.00863,4.6,2.5,45.6
280.9,3140,0.00738,5.9,2.6,44.6
280.3,3119,0.00718,6,0.4,44.6
281.5,3138,0.0076,4.9,-0.8,42.7
281.1,3123,0.00824,5.3,0.1,40.4
280.6,3140,0.00796,4.8,2.1,40.3
280.7,3112,0.00627,6.7,-1.3,40.1
280.2,3130,0.00855,3,-3.8,40.9
280.2,3104,0.00793,5,-3.7,39.2
281,3126,0.00668,2.5,-1.4,37.5
282,3103,0.00524,4.1,-3.2,35.6
280.1,3127,0.00628,4.2,-3.8,36.4
280.2,3104,0.0065,0.7,-2.1,35.3
280.4,3135,0.00551,0.4,0.2,35.3
281.9,3117,0.00471,-1.3,-1.5,34.6
280.7,3133,0.00434,-3.8,-2.8,35.9
279.9,3123,0.00402,-0.8,0.8,36.5
280.2,3144,0.00428,0.9,0.9,38
281.2,3115,0.0042,0.1,-1.7,36.9
281.2,3143,0.00268,-1.8,-2.9,36.8
280.9,3123,0.0043,0.8,-2,38
282.9,3147,0.00418,3,1.7,36.9
282.4,3124,0.00487,4.1,-1.1,39.8
281.3,3139,0.005,4.6,-3.8,40.8
280.4,3127,0.00704,3.3,-2.6,41.8
281,3144,0.00725,-0.3,0.7,40.7
279.8,3127,0.00771,0.9,-1.1,43.6
280,3144,0.00773,0.7,-3,46
280.5,3127,0.00809,-2.2,-3.5,48.1
281.1,3149,0.00843,-1.2,-1,48.9
281.5,3129,0.00876,-2.1,-2.4,49.6
280.8,3158,0.00928,-2.7,-3.1,52.3
280.7,3139,0.00884,-4.3,-0.9,52.1
281.4,3148,0.00831,-4.5,-1,50.2
281.4,3139,0.00851,-1.9,-2.4,49.4
281,3157,0.0079,-2.3,-6.2,48.1
281.3,3133,0.00682,-5.4,-6.6,46.4
281.5,3145,0.00624,-5.1,-4.7,45.3
281.4,3126,0.00542,-4.5,-2.1,47.5
281.4,3154,0.00571,-5.7,-5,47.7
281.7,3126,0.00593,-4.4,-3.2,47.4
282.6,3147,0.00693,-4.5,-2.3,48.9
282.1,3128,0.0073,-4.8,-1.7,52.6
280.5,3146,0.00809,-3.1,-3.3,54.5
280.3,3122,0.00869,-4.1,-4.2,52.1
281.4,3146,0.0086,-2.9,-4.6,49.8
280.9,3124,0.00785,-1.6,-5.9,49
280.3,3146,0.007,-1.1,-8,47.9
279.8,3126,0.00676,0.1,-4.4,46.6
281.3,3145,0.00759,1.4,-1.5,46.7
280.1,3125,0.00725,4.9,-1.8,50.1
280.2,3140,0.00642,7.2,-2.9,47.3
280.1,3118,0.00655,5.3,-1.9,44.9
280.9,3132,0.00636,2.5,-0.8,44.4
279.5,3110,0.00696,4.2,-2.5,46.5
280.4,3127,0.00587,4.3,-1.7,43.8
280.5,3109,0.00655,3.4,-3.8,42
280.6,3135,0.00705,3.5,-1.7,41.9
281,3127,0.0065,7.2,-1.2,41.4
280.7,3143,0.00636,5.1,-1,39.1
281.5,3120,0.00507,6.3,0.2,36.2
281.5,3141,0.00487,4.6,-0.6,34.9
280.9,3121,0.00486,3.8,-2.1,35.2
280.8,3140,0.00511,-1.4,-4.9,35.5
280.5,3118,0.00546,0.1,-1.3,35.5
281.2,3135,0.00544,-1.2,-1,34.3
279.5,3118,0.00552,-1.5,-2.5,34.5
278.1,3144,0.00585,-1.4,-1.9,36.5
279.1,3126,0.00669,-3.3,-1.3,35.6
279.5,3145,0.00645,-1.4,0.9,36.8
279.9,3125,0.0055,0.4,0.9,36.1
280.5,3144,0.00528,-0.6,3.3,37
280.6,3131,0.0076,0.6,3.8,37.5
281.9,3161,0.00771,0.8,-0.3,37.7
282.8,3122,0.00723,2.2,1.7,35.7
282,3145,0.00736,-0.4,0,36.3
282.3,3128,0.00669,-0.2,1.2,36.2
283.3,3151,0.00628,-0.8,1.7,36
282.4,3124,0.00663,-1,1.2,38.2
280.9,3145,0.00682,-1.9,1.6,41.6
280.5,3129,0.00891,-3.4,1.9,42.7
281.6,3149,0.00901,-2.1,-0.3,42.6
281.3,3126,0.00874,-3.4,1.6,45.7
281.3,3154,0.00835,-4.3,-0.1,48.5
280.6,3139,0.00869,-6.6,0.2,50.9
281.7,3155,0.00819,-6.7,-0.2,51.4
282.1,3138,0.00761,-6.2,-0.1,51.7
282.6,3163,0.00682,-5.3,-1,50.4
281.2,3137,0.00697,-6,-1.2,50
283.1,3154,0.00565,-4,-2.9,46.5
282.5,3128,0.0049,-4.4,-5,45.2
282.5,3146,0.0047,-5.7,-4.3,45
281.8,3126,0.00507,-5.5,-3.2,45
283.4,3149,0.00444,-4.6,-2.2,43.6
283,3118,0.00486,-6,-2.1,43.2
282.3,3142,0.00494,-6.6,-1.7,43.7
281.9,3119,0.00441,-6.4,-0.2,41.7
282.6,3133,0.00557,-9.8,-0.5,38.4
282.7,3120,0.00508,-9.6,-2.9,39.2
283.2,3144,0.00405,-8.5,-2.7,36.6
282.3,3123,0.00422,-9.4,-4.5,35.7
283.4,3147,0.0041,-7.9,-1.9,36.3
282.8,3126,0.00426,-10.9,-2.9,40.9
282.8,3140,0.00458,-8.9,-0.1,42
283,3124,0.00453,-6.4,-0.7,37.4
282.5,3143,0.00543,-5.7,-1.1,37.6
281.2,3116,0.00592,-6,-2,40.9
281.2,3140,0.00792,-6.7,-5.8,42.1
282.6,3123,0.00525,-5.3,-2.5,38
282.1,3135,0.00406,-4.8,-5.6,35.6
282.1,3125,0.00335,-6.3,-2.4,35.9
282.1,3143,0.00335,-5.4,-1.3,37.6
282.1,3123,0.00366,-5.4,0.7,37.1
281.5,3137,0.00662,-4.4,0.4,38.3
282,3126,0.00655,-5.2,-1.2,40.8
281.9,3143,0.00641,-5.1,0.1,43.2
282.3,3129,0.00761,-6.7,-0.5,44.6
282.1,3148,0.00832,-4.6,0,45.4
282.3,3135,0.00853,-6.8,-3.6,48.9
282.3,3150,0.0073,-5.3,-1.3,47.1
282.2,3128,0.00685,-4.7,-0.5,44.2
282.4,3147,0.00756,-4.5,-0.1,43.9
282.3,3119,0.00761,-3.4,-2.2,44.7
281.8,3137,0.00656,-2.9,0.5,44.8
281.9,3122,0.00751,-0.7,1.4,43.9
284.5,3138,0.00656,-5.2,-2,40.9
283.2,3121,0.00558,-4.5,-0.2,39.7
282.4,3140,0.00477,-3.1,0.5,39.6
282.5,3124,0.00407,-3.3,0.2,36.6
282.6,3147,0.00368,-3.9,-1.9,32
283.1,3119,0.00196,-3.5,-0.3,27.1
282.1,3137,0.00163,-2.9,-2.4,28.3
283.3,3120,0.00132,-1.4,2,23.3
283.6,3130,0.00169,-4.6,1,20.5
283.5,3123,0.00235,-5.9,-0.6,20.1
283.7,3140,0.0034,-6.2,-1,22.5
283.8,3133,0.0041,-6.2,-0.2,22.3
282.8,3140,0.00447,-7,-1.3,22.8
283.4,3124,0.00388,-6.3,-1.4,23.9
282.7,3141,0.00381,-7.3,-1.5,25.2
283.3,3128,0.00364,-7,-0.6,24
284.9,3154,0.00344,-7.1,-2.1,20.9
285.4,3130,0.00254,-9.3,-3.4,20.1
283.8,3150,0.0016,-10.5,-4.4,19.9
283.1,3133,0.00152,-11.7,-5.9,17.9
283.5,3156,0.00168,-11.9,-5.5,16.7
283.7,3134,0.00181,-9.6,-7.3,17.9
283.4,3157,0.00167,-5.9,-7,19.4
283.3,3141,0.00165,-10.6,-7.1,20
282.2,3155,0.00174,-10.2,-5.3,21.5
282.7,3142,0.0018,-9.8,-5.4,24.7
282.5,3160,0.00178,-6.2,-5.7,26.8
282.7,3132,0.00148,-8.4,-4.5,25.2
282.8,3148,0.00213,-6.9,-3,22.8
282.4,3134,0.0027,-3.3,-5.2,27
283,3142,0.00313,-6.9,-7.7,29.6
282.3,3114,0.00432,-7.5,-6,30.6
281.4,3127,0.00629,-9,-8.6,33.6
281.2,3123,0.00944,-11.7,-9.1,43.5
280.2,3132,0.0089,-10.8,-10.9,49.1
281,3118,0.00922,-6.1,-4.5,52.4
281.4,3141,0.00966,-3.2,-0.9,54.2
281.2,3128,0.00934,-2.9,-0.3,56.7
281.2,3137,0.00953,-3.7,-0.8,54.8
282.3,3133,0.00986,-3.3,3.2,52.6
281.5,3153,0.00973,-1.8,3.3,50.8
282,3140,0.00976,-4.7,3.4,51.3
282,3154,0.00866,-5,4.2,48.3
281.2,3135,0.00877,-4.8,4.4,46.7
282.3,3165,0.00874,-2.7,0.4,45.3
282.3,3146,0.0074,-5.9,0.7,46
282.2,3156,0.00654,-4.6,-2.1,44.6
280.9,3131,0.0058,-5,-1.3,42
280.9,3150,0.00673,-4.9,-1.8,42.3
281.8,3132,0.00577,-4.2,-4,41.8
281.9,3151,0.00491,-1.9,-4.2,40.5
281.5,3125,0.0038,-3.9,-2.9,38.5
281.5,3142,0.00273,-3.9,-3.4,34.2
281.5,3122,0.00127,-3.7,-4.5,29.7
281.8,3133,0.0004,-1.5,-1.7,28.5
281.5,3113,0.00039,-4,0.4,27.5
281.6,3150,0.00275,-2.2,2.4,26.8
281.7,3126,0.00356,-1.1,2,29.8
280,3143,0.00422,0.9,3.2,33.4
280.6,3115,0.00422,1,3.1,33.9
282.5,3145,0.00459,-1.9,0.6,34.9
281.8,3127,0.00557,1.7,0.4,36.9
280.7,3145,0.00535,-3.1,-0.2,38
281.6,3124,0.00471,1.2,-0.6,37.9
284.1,3148,0.00337,1.6,-1.1,35.9
283.3,3117,0.0032,3.9,-3.8,35.1
283.1,3146,0.0025,1.7,-2.7,33.1
281.5,3108,0.00195,4.5,-2.8,29.4
282.9,3134,0.00172,6.6,-2,26.6
282.8,3105,0.00192,7.3,-4.5,27
282,3127,0.00172,3.7,-6.7,26.6
283.8,3106,0.00034,0.8,-4.4,22.7
284.8,3129,0.00085,-1.8,-3.2,20.6
283.8,3102,0.00285,-0.1,-3.4,28
282.5,3124,0.00553,-5.5,-6.7,33.6
282.4,3092,0.00818,1,-6.2,34.4
282,3117,0.00695,0.5,-4.9,31.5
282,3083,0.00625,3.4,-6.5,33.3
281.7,3111,0.00721,-1.6,-6,36.8
281.1,3074,0.00758,-1,-2.2,40.6
281.3,3097,0.0074,0.1,0.1,42
282.1,3094,0.00973,2.3,5.4,45.3
281.5,3115,0.00973,-0.3,3.8,45.6
282.2,3108,0.01,1.3,5.4,44.3
281.9,3136,0.01,0.7,4.1,44.3
281.8,3117,0.00963,-0.2,3.2,44.7
281.8,3132,0.00874,-1.7,0.4,43
282.1,3123,0.00882,-0.4,1.9,42.5
281.5,3151,0.00857,-2.6,1.3,42.9
282.1,3127,0.00821,-2.9,0.8,43.7
283.5,3151,0.00725,-7.3,0.6,43.6
282.4,3128,0.00725,-4.3,0.9,42.8
281.9,3157,0.00701,-4.3,-1.2,43
281.7,3143,0.00819,-3.9,1.1,45.8
281.3,3158,0.00701,-3.1,1.5,45.2
281.2,3147,0.00697,-1.2,0.1,43.6
281.9,3157,0.00611,-1,-2.4,39
282.1,3136,0.00599,-1.8,-2.2,34.9
281.1,3155,0.00607,0.5,-0.8,32.5
281.9,3137,0.00531,-5.5,-1.8,30.5
281.7,3153,0.00405,-7.2,-2.1,26.8
281.6,3127,0.00285,-8.3,-2.9,23.7
282.2,3146,0.00174,-9.4,-1.6,20.4
281.9,3124,0.00331,-10.8,-0.6,19.9
282.6,3147,0.00609,-10.5,-2,25.7
281.3,3127,0.00855,-14,-0.5,33.5
281.6,3147,0.0097,-11.2,-1,40
281.6,3129,0.00931,-12.4,0.3,40.4
283.4,3152,0.00897,-9.6,-1.6,42.8
284.5,3133,0.00692,-12.9,-1.4,42.6
284,3153,0.0052,-10.4,0.8,41.6
283.9,3131,0.00505,-9.9,-0.1,39.2
284.6,3159,0.00349,-10.7,-2.3,37.9
284.7,3139,0.00266,-9.2,-3.1,36.4
283.7,3154,0.00193,-5.9,-4.5,35.8
282.7,3122,0.00233,-7.5,-2.4,31.5
283,3150,0.00195,-7.8,-3.4,27
283.8,3131,0.00171,-10.1,-4.4,25.3
282.7,3148,0.00127,-10.3,-5.3,23.2
283.7,3127,0.00091,-9.9,-4.2,19.1
283.4,3136,0.00078,-7.2,-3.9,16.1
283.5,3118,0.00078,-4.5,-5.4,16.2
284.1,3137,0.00035,-3.8,-4.1,16.9
284.1,3119,0.00012,-5.9,-5.3,16.5
283.8,3129,0.00011,-5.5,-4.7,16.5
283.9,3115,0.00023,-6.4,-2.6,18.3
283.6,3131,0.0009,-3.6,-0.7,19.6
283.9,3122,0.00172,-5.9,0.3,20.1
283.6,3146,0.00304,-5.7,-1.8,21.3
282.8,3122,0.00458,-4.9,-0.4,25.6
282.1,3135,0.00487,-4.5,0,28.1
282.3,3112,0.00556,-5.3,1.2,29.5
281.3,3137,0.00625,-0.6,0.4,31.6
282.2,3119,0.00593,-5.2,-0.1,31.6
280.7,3135,0.00664,-4.3,-1.7,33.5
282.4,3117,0.00653,-7.3,-1.6,32.7
281.7,3136,0.00701,-8.6,-3.4,35.9
282.7,3128,0.00719,-10.6,-4.4,39.4
281.8,3143,0.00686,-10.2,-1.1,42.5
282,3122,0.00876,-10.1,-2.8,43.3
282.4,3150,0.00849,-9.4,-4.3,41.9
283.7,3131,0.00588,-8.3,-5.5,39.1
282.4,3141,0.00373,-6.1,-4.3,35.7
282,3128,0.00273,-8.6,-2.9,31.3
282.8,3152,0.00437,-9.2,-2.5,29.2
283.2,3135,0.00383,-7.9,-3,30.5
282.5,3148,0.00324,-4.2,-1.6,29.4
282.1,3129,0.00487,-4.8,-1.1,27.9
283,3156,0.00356,-6.8,-1.4,26.2
282.8,3136,0.00309,-5.8,-0.8,26.1
281,3149,0.00255,-3.5,-1.1,25.3
281.4,3123,0.00242,-5.7,-1.3,22.5
282,3141,0.00202,-7,-2.9,21.2
281.9,3124,0.00201,-6.1,-2.1,23
281.2,3149,0.00182,-3.4,-5.1,24
